DJI,GSPC,IXIC,RUT,VIX
14447.75,1551.689941,3235.300049,945.849976,13.74
14559.65039,1563.77002,3252.47998,949.820007,12.77
14526.16016,1562.849976,3256.52002,950.23999,13.15
14578.54004,1569.189941,3267.52002,951.539978,12.7
14572.84961,1562.170044,3239.169922,938.789978,13.58
14662.00977,1570.25,3254.860107,934.299988,12.78
14550.34961,1553.689941,3218.600098,918.710022,14.21
14606.11035,1559.97998,3224.97998,925.659973,13.89
14565.25,1553.280029,3203.860107,923.280029,13.92
14613.48047,1563.069946,3222.25,931.48999,13.19
14673.45996,1568.609985,3237.860107,929.340027,12.84
14802.24023,1587.72998,3297.25,946.090027,12.36
14865.13965,1593.369995,3300.159912,947.049988,12.24
14865.05957,1588.849976,3294.949951,942.849976,12.06
14599.2002,1552.359985,3216.48999,907.179993,17.27
14756.78027,1574.569946,3264.629883,923.299988,13.96
14618.58984,1552.01001,3204.669922,906.799988,16.51
14537.13965,1541.609985,3166.360107,901.51001,17.559999
14547.50977,1555.25,3206.060059,912.5,14.97
14567.16992,1562.5,3233.550049,914.799988,14.39
14719.45996,1578.780029,3269.330078,929.359985,13.48
14676.29981,1578.790039,3269.649902,934.109985,13.61
14700.79981,1585.160034,3289.98999,940.280029,13.62
14712.54981,1582.23999,3279.26001,935.25,13.61
14818.75,1593.609985,3307.02002,942.429993,13.71
14839.79981,1597.569946,3328.790039,947.460022,13.52
14700.9502,1582.699951,3299.129883,924.210022,14.49
14831.58008,1597.589966,3340.620117,939.849976,13.59
14973.95996,1614.420044,3378.629883,954.419983,12.85
14968.88965,1617.5,3392.969971,959.799988,12.66
15056.2002,1625.959961,3396.629883,967.820007,12.83
15105.12012,1632.689941,3413.27002,970.409973,12.66
15082.62012,1626.670044,3409.169922,966.26001,13.13
15118.49023,1633.699951,3436.580078,975.159973,12.59
15091.67969,1633.77002,3438.790039,973.789978,12.55
15215.25,1650.339966,3462.610107,985.960022,12.77
15275.69043,1658.780029,3471.620117,988.539978,12.81
15233.21973,1650.469971,3465.23999,985.340027,13.07
15354.40039,1667.469971,3498.969971,996.280029,12.45
15335.28027,1666.290039,3496.429932,997.97998,13.02
15387.58008,1669.160034,3502.120117,998.780029,13.37
15307.16992,1655.349976,3463.300049,982.26001,13.82
15294.5,1650.51001,3459.419922,984.280029,14.07
15303.09961,1649.599976,3459.139893,984.280029,13.99
15409.38965,1660.060059,3488.889893,997.349976,14.48
15302.79981,1648.359985,3467.52002,986.960022,14.83
15324.53027,1654.410034,3491.300049,994.429993,14.53
15115.57031,1630.73999,3455.909912,984.150024,16.299999
15254.03027,1640.420044,3465.370117,990.530029,16.280001
15177.54004,1631.380005,3445.26001,981.969971,16.27
14960.58984,1608.900024,3401.47998,968.159973,17.5
15040.62012,1622.560059,3424.050049,979.460022,16.629999
15248.12012,1643.380005,3469.219971,987.619995,15.14
15238.58984,1642.810059,3473.77002,992.669983,15.44
15122.01953,1626.130005,3436.949951,981.450012,17.07
14995.23047,1612.52002,3400.429932,972.309998,18.59
15176.08008,1636.359985,3445.360107,989.690002,16.41
15070.17969,1626.72998,3423.560059,981.380005,17.15
15179.84961,1639.040039,3452.129883,987.840027,16.799999
15318.23047,1651.810059,3482.179932,999.98999,16.610001
15112.19043,1628.930054,3443.199951,986.5,16.639999
14758.32031,1588.189941,3364.639893,960.52002,20.49
14799.40039,1592.430054,3357.25,963.679993,18.9
14659.55957,1573.089966,3320.76001,951.049988,20.110001
14760.30957,1588.030029,3347.889893,961.26001,18.469999
14910.13965,1603.26001,3376.219971,963.830017,17.209999
15024.49023,1613.199951,3401.860107,979.919983,16.860001
14909.59961,1606.280029,3403.25,977.47998,16.860001
14974.95996,1614.959961,3434.48999,989.840027,16.370001
14932.41016,1614.079956,3433.399902,989.469971,16.440001
14988.37012,1615.410034,3443.669922,991.130005,16.200001
15135.83984,1631.890015,3479.379883,1005.390015,14.89
15224.69043,1640.459961,3484.830078,1009.25,14.78
15300.33984,1652.319946,3504.26001,1018.049988,14.35
15291.66016,1652.619995,3520.76001,1020.419983,14.21
15460.91992,1675.02002,3578.300049,1033.180054,14.01
15464.29981,1680.189941,3600.080078,1036.52002,13.84
15484.25977,1682.5,3607.48999,1043.300049,13.79
15451.84961,1676.26001,3598.5,1038.75,14.42
15470.51953,1680.910034,3610,1042.530029,13.78
15548.54004,1689.369995,3611.280029,1050.27002,13.77
15543.74023,1692.089966,3587.610107,1050.47998,12.54
15545.54981,1695.530029,3600.389893,1053.410034,12.29
15567.74023,1692.390015,3579.27002,1052.199951,12.66
15542.24023,1685.939941,3579.600098,1043.829956,13.18
15555.61035,1690.25,3605.189941,1054.180054,12.97
15558.83008,1691.650024,3613.159912,1048.51001,12.72
15521.96973,1685.329956,3599.139893,1040.660034,13.39
15520.58984,1685.959961,3616.469971,1043.51001,13.39
15499.54004,1685.72998,3626.370117,1045.26001,13.45
15628.01953,1706.869995,3675.73999,1059.880005,12.94
15658.36035,1709.670044,3689.590088,1059.859985,11.98
15612.12988,1707.140015,3692.949951,1063.01001,11.84
15518.74023,1697.369995,3665.77002,1052.140015,12.72
15470.66992,1690.910034,3654.01001,1044.339966,12.98
15498.32031,1697.47998,3669.120117,1049.469971,12.73
15425.50977,1691.420044,3660.110107,1048.400024,13.41
15419.67969,1689.469971,3669.949951,1053.670044,12.81
15451.00977,1694.160034,3684.439941,1051.98999,12.31
15337.66016,1685.390015,3669.27002,1047.800049,13.04
15112.19043,1661.319946,3606.120117,1027.609985,14.73
15081.46973,1655.829956,3602.780029,1024.300049,14.37
15010.74023,1646.060059,3589.090088,1013.25,15.1
15002.99023,1652.349976,3613.590088,1028.569946,14.91
14897.54981,1642.800049,3599.790039,1021.580017,15.94
14963.74023,1656.959961,3638.709961,1036.199951,14.76
15010.50977,1663.5,3657.790039,1038.23999,13.98
14946.45996,1656.780029,3657.570068,1038.469971,14.99
14776.12988,1630.47998,3578.52002,1013.48999,16.77
14824.50977,1634.959961,3593.350098,1016.5,16.49
14840.9502,1638.170044,3620.300049,1026.939941,16.809999
14810.30957,1632.969971,3589.870117,1010.900024,17.01
14833.95996,1639.77002,3612.610107,1016.26001,16.610001
14930.87012,1653.079956,3649.040039,1025.579956,15.88
14937.48047,1655.079956,3658.780029,1028.689941,15.77
14922.5,1655.170044,3660.01001,1029.550049,15.85
15063.12012,1671.709961,3706.179932,1046.079956,15.63
15191.05957,1683.98999,3729.02002,1055.719971,14.53
15326.59961,1689.130005,3725.01001,1055.339966,13.82
15300.63965,1683.420044,3715.969971,1048.47998,14.29
15376.05957,1687.98999,3722.179932,1053.97998,14.16
15494.78027,1697.599976,3717.850098,1056.25,14.38
15529.73047,1704.76001,3745.699951,1066.390015,14.53
15676.94043,1725.52002,3783.639893,1076.969971,13.59
15636.54981,1722.339966,3789.379883,1075.27002,13.16
15451.08984,1709.910034,3774.72998,1072.829956,13.12
15401.37988,1701.839966,3765.290039,1072.130005,14.31
15334.58984,1697.420044,3768.25,1074.680054,14.08
15273.25977,1692.77002,3761.100098,1073.51001,14.01
15328.29981,1698.670044,3787.429932,1078.410034,14.06
15258.24023,1691.75,3781.590088,1074.189941,15.46
15129.66992,1681.550049,3771.47998,1073.790039,16.6
15191.7002,1695,3817.97998,1087.430054,15.54
15133.13965,1693.869995,3815.02002,1082.550049,16.6
14996.48047,1678.660034,3774.340088,1070.900024,17.67
15072.58008,1690.5,3807.75,1078.25,16.74
14936.24023,1676.119995,3770.379883,1065.790039,19.41
14776.53027,1655.449951,3694.830078,1047.26001,20.34
14802.98047,1656.400024,3677.780029,1043.459961,19.6
15126.07031,1692.560059,3760.75,1069.5,16.48
15237.11035,1703.199951,3791.870117,1084.310059,15.72
15301.25977,1710.140015,3815.280029,1090.300049,16.07
15168.00977,1698.060059,3794.01001,1079.619995,18.66
15373.83008,1721.540039,3839.429932,1092.420044,14.71
15371.65039,1733.150024,3863.149902,1102.27002,13.48
15399.65039,1744.5,3914.280029,1114.77002,13.04
15392.2002,1744.660034,3920.050049,1112.47998,13.16
15467.66016,1754.670044,3929.570068,1115.630005,13.33
15413.33008,1746.380005,3907.070068,1110.930054,13.42
15509.20996,1752.069946,3928.959961,1118.849976,13.2
15570.28027,1759.77002,3943.360107,1118.339966,13.09
15568.92969,1762.109985,3940.129883,1117.969971,13.31
15680.34961,1771.949951,3952.340088,1121.069946,13.41
15618.75977,1763.310059,3930.620117,1105.5,13.65
15545.75,1756.540039,3919.709961,1100.150024,13.75
15615.54981,1761.640015,3922.040039,1095.670044,13.28
15639.12012,1767.930054,3936.590088,1108.280029,12.93
15618.21973,1762.969971,3939.860107,1103.589966,13.27
15746.87988,1770.48999,3931.949951,1098.630005,12.67
15593.98047,1747.150024,3857.330078,1079.089966,13.91
15761.78027,1770.609985,3919.22998,1099.969971,12.9
15783.09961,1771.890015,3919.790039,1101.5,12.53
15750.66992,1767.689941,3919.919922,1101.469971,12.82
15821.62988,1782,3965.580078,1112.180054,12.52
15876.21973,1790.619995,3972.73999,1111.439941,12.37
15961.7002,1798.180054,3985.969971,1116.199951,12.19
15976.01953,1791.530029,3949.070068,1107.290039,13.1
15967.03027,1787.869995,3931.550049,1101.380005,13.39
15900.82031,1781.369995,3921.27002,1099.790039,13.4
16009.99023,1795.849976,3969.159912,1119.619995,12.66
16064.76953,1804.76001,3991.649902,1124.920044,12.26
16072.54004,1802.47998,3994.570068,1124.719971,12.79
16072.79981,1802.75,4017.75,1134.530029,12.81
16097.33008,1807.22998,4044.75,1141.329956,12.98
16086.41016,1805.810059,4059.889893,1142.890015,13.7
16008.76953,1800.900024,4045.26001,1129.119995,14.23
15914.62012,1795.150024,4037.199951,1123.780029,14.55
15889.76953,1792.810059,4038,1121.380005,14.7
15821.50977,1785.030029,4033.169922,1122.469971,15.08
16020.2002,1805.089966,4062.52002,1131.380005,13.79
16025.53027,1808.369995,4068.75,1129.459961,13.49
15973.12988,1802.619995,4060.48999,1119.689941,13.91
15843.53027,1782.219971,4003.810059,1101.5,15.42
15739.42969,1775.5,3998.399902,1103.27002,15.54
15755.36035,1775.319946,4000.97998,1107.050049,15.76
15884.57031,1786.540039,4029.52002,1119.849976,16.030001
15875.25977,1781,4023.679932,1118.890015,16.209999
16167.96973,1810.650024,4070.060059,1133.719971,13.8
16179.08008,1809.599976,4058.139893,1125.449951,14.15
16221.13965,1818.319946,4104.740234,1146.469971,13.79
16294.61035,1827.98999,4148.899902,1157.219971,13.04
16357.54981,1833.319946,4155.419922,1161.800049,12.48
16479.88086,1842.02002,4167.180176,1162.650024,12.33
16478.41016,1841.400024,4156.589844,1161.089966,12.46
16504.28906,1841.069946,4154.200195,1160.589966,13.56
16576.66016,1848.359985,4176.589844,1163.640015,13.72
16441.34961,1831.97998,4143.069824,1150.719971,14.23
16469.99023,1831.369995,4131.910156,1156.089966,13.76
16425.09961,1826.77002,4113.680176,1147.160034,13.55
16530.93945,1837.880005,4153.180176,1157.630005,12.92
16462.74023,1837.48999,4165.609863,1157.459961,12.87
16444.75977,1838.130005,4156.189941,1158.349976,12.89
16437.05078,1842.369995,4174.669922,1164.530029,12.14
16257.94043,1819.199951,4113.299805,1148.089966,13.28
16373.86035,1838.880005,4183.02002,1163.430054,12.28
16481.93945,1848.380005,4214.879883,1171.349976,12.28
16417.00977,1845.890015,4218.689941,1173.130005,12.53
16458.56055,1838.699951,4197.580078,1168.430054,12.44
16414.43945,1843.800049,4225.759766,1175.719971,12.87
16373.33984,1844.859985,4243,1181.290039,12.84
16197.34961,1828.459961,4218.879883,1172.400024,13.77
15879.11035,1790.290039,4128.169922,1144.130005,18.139999
15837.87988,1781.560059,4083.610107,1127.72998,17.42
15928.55957,1792.5,4097.959961,1138.23999,15.8
15738.79004,1774.199951,4051.429932,1122.449951,17.35
15848.61035,1794.189941,4123.129883,1139.359985,17.290001
15698.84961,1782.589966,4103.879883,1130.880005,18.41
15372.79981,1741.890015,3996.959961,1094.579956,21.440001
15445.24023,1755.199951,4031.52002,1102.839966,19.110001
15440.23047,1751.640015,4011.550049,1093.589966,19.950001
15628.53027,1773.430054,4057.120117,1103.930054,17.23
15794.08008,1797.02002,4125.859863,1116.550049,15.29
15801.79004,1799.839966,4148.169922,1118.72998,15.26
15994.76953,1819.75,4191.049805,1129.160034,14.51
15963.94043,1819.26001,4201.290039,1132.540039,14.3
16027.58984,1829.829956,4240.669922,1147.790039,14.14
16154.38965,1838.630005,4244.02002,1149.209961,13.57
16130.40039,1840.76001,4272.779785,1161.47998,13.87
16040.55957,1828.75,4237.950195,1149.069946,15.5
16133.23047,1839.780029,4267.549805,1162.119995,14.79
16103.29981,1836.25,4263.410156,1164.630005,14.68
16207.13965,1847.609985,4292.970215,1174.550049,14.23
16179.66016,1845.119995,4287.589844,1173.949951,13.67
16198.41016,1845.160034,4292.060059,1181.719971,14.35
16272.65039,1854.290039,4318.930176,1187.939941,14.04
16321.70996,1859.449951,4308.120117,1183.030029,14
16168.03027,1845.72998,4277.299805,1176.359985,16
16395.88086,1873.910034,4351.970215,1208.650024,14.1
16360.17969,1873.810059,4357.970215,1205.910034,13.89
16421.89063,1877.030029,4352.129883,1204.540039,14.21
16452.7207,1878.040039,4336.220215,1203.319946,14.11
16418.67969,1877.170044,4334.450195,1200.540039,14.2
16351.25,1867.630005,4307.189941,1187.050049,14.8
16340.08008,1868.199951,4323.330078,1191.369995,14.47
16108.88965,1846.339966,4260.419922,1176.73999,16.219999
16065.66992,1841.130005,4245.399902,1181.410034,17.82
16247.21973,1858.829956,4279.950195,1188.22998,15.64
16336.19043,1872.25,4333.310059,1205.040039,14.52
16222.16992,1860.77002,4307.600098,1195.660034,15.12
16331.04981,1872.01001,4319.290039,1198.969971,14.52
16302.76953,1866.52002,4276.790039,1193.72998,15
16276.69043,1857.439941,4226.390137,1178.22998,15.09
16367.87988,1865.619995,4234.27002,1178.050049,14.02
16268.99023,1852.560059,4173.580078,1155.48999,14.93
16264.23047,1849.040039,4151.22998,1151.439941,14.62
16323.05957,1857.619995,4155.759766,1151.810059,14.41
16457.66016,1872.339966,4198.990234,1173.040039,13.88
16532.60938,1885.52002,4268.040039,1188.699951,13.1
16573,1890.900024,4276.459961,1192.810059,13.09
16572.55078,1888.77002,4237.740234,1181.119995,13.37
16412.71094,1865.089966,4127.72998,1153.380005,13.96
16245.87012,1845.040039,4079.75,1135.780029,15.57
16256.13965,1851.959961,4112.990234,1144.23999,14.89
16437.17969,1872.180054,4183.899902,1159.959961,13.82
16170.21973,1833.079956,4054.110107,1127.660034,15.89
16026.75,1815.689941,3999.72998,1111.439941,17.030001
16173.24023,1830.609985,4022.689941,1115.349976,16.110001
16262.55957,1842.97998,4034.159912,1119.48999,15.61
16424.84961,1862.310059,4086.22998,1131.77002,14.18
16408.53906,1864.849976,4095.52002,1137.900024,13.36
16449.25,1871.890015,4121.549805,1142.310059,13.25
16514.36914,1879.550049,4161.459961,1155.609985,13.19
16501.65039,1875.390015,4126.970215,1147.079956,13.27
16501.65039,1878.609985,4148.339844,1144.349976,13.32
16361.45996,1863.400024,4075.560059,1123.030029,14.06
16448.74023,1869.430054,4074.399902,1117.060059,13.97
16535.36914,1878.329956,4103.540039,1120.829956,13.71
16580.83984,1883.949951,4114.560059,1126.859985,13.41
16558.86914,1883.680054,4127.450195,1125.969971,13.25
16512.89063,1881.140015,4123.899902,1128.800049,12.91
16530.55078,1884.660034,4138.060059,1126.300049,13.29
16401.01953,1867.719971,4080.76001,1108.01001,13.8
16518.53906,1878.209961,4067.669922,1108.550049,13.4
16550.9707,1875.630005,4051.5,1097.430054,13.43
16583.33984,1878.47998,4071.870117,1107.219971,12.92
16695.4707,1896.650024,4143.859863,1133.650024,12.23
16715.43945,1897.449951,4130.169922,1121.160034,12.13
16613.9707,1888.530029,4100.629883,1103.140015,12.17
16446.81055,1870.849976,4069.290039,1095.98999,13.17
16491.31055,1877.859985,4090.590088,1102.910034,12.44
16511.85938,1885.079956,4125.810059,1114.430054,12.42
16374.30957,1872.829956,4096.890137,1097.900024,12.96
16533.06055,1888.030029,4131.540039,1103.630005,11.91
16543.08008,1892.48999,4154.339844,1113.869995,12.03
16606.26953,1900.530029,4185.810059,1126.189941,11.36
16675.5,1911.910034,4237.069824,1142.199951,11.51
16633.17969,1909.780029,4225.080078,1136.680054,11.68
16698.74023,1920.030029,4247.950195,1140.069946,11.57
16717.16992,1923.569946,4242.620117,1134.5,11.4
16743.63086,1924.969971,4237.200195,1128.900024,11.58
16722.33984,1924.23999,4234.080078,1126.150024,11.87
16737.5293,1927.880005,4251.640137,1131.219971,12.08
16836.10938,1940.459961,4296.22998,1153.939941,11.68
16924.2793,1949.439941,4321.399902,1165.209961,10.73
16943.09961,1951.27002,4336.240234,1175.880005,11.15
16945.91992,1950.790039,4338,1172.709961,10.99
16843.88086,1943.890015,4331.930176,1166.709961,11.6
16734.18945,1930.109985,4297.629883,1159.400024,12.56
16775.74023,1936.160034,4310.649902,1162.680054,12.18
16781.00977,1937.780029,4321.100098,1166.819946,12.65
16808.49023,1941.98999,4337.22998,1176.619995,12.06
16906.61914,1956.97998,4362.839844,1183.130005,10.61
16921.46094,1959.47998,4359.330078,1184.030029,10.62
16947.08008,1962.869995,4368.040039,1188.430054,10.85
16937.25977,1962.609985,4368.680176,1184.949951,10.98
16818.13086,1949.97998,4350.350098,1173.23999,12.13
16867.50977,1959.530029,4379.759766,1182.680054,11.59
16846.13086,1957.219971,4379.049805,1180.709961,11.63
16851.83984,1960.959961,4397.930176,1189.5,11.26
16826.59961,1960.22998,4408.180176,1192.959961,11.57
16956.07031,1973.319946,4458.649902,1205.949951,11.15
16976.24023,1974.619995,4457.72998,1199.5,10.82
17068.25977,1985.439941,4485.930176,1208.150024,10.32
17024.21094,1977.650024,4451.529785,1186.73999,11.33
16906.61914,1963.709961,4391.459961,1172.150024,11.98
16985.60938,1972.829956,4419.029785,1173.810059,11.65
16915.07031,1964.680054,4396.200195,1161.859985,12.59
16943.81055,1967.569946,4415.490234,1159.930054,12.08
17055.41992,1977.099976,4440.419922,1167.209961,11.82
17060.67969,1973.280029,4416.390137,1153.810059,11.96
17138.19922,1981.569946,4425.970215,1151.550049,11
16976.81055,1958.119995,4363.450195,1133.599976,14.54
17100.17969,1978.219971,4432.149902,1151.609985,12.06
17051.73047,1973.630005,4424.700195,1146.660034,12.81
17113.53906,1983.530029,4456.02002,1156.150024,12.24
17086.63086,1987.01001,4473.700195,1158.109985,11.52
17083.80078,1987.97998,4472.109863,1156.26001,11.84
16960.57031,1978.339966,4449.560059,1144.719971,12.69
16982.58984,1978.910034,4444.910156,1139.5,12.56
16912.10938,1969.949951,4442.700195,1141.640015,13.28
16880.35938,1970.069946,4462.899902,1146.569946,13.33
16563.30078,1930.670044,4369.77002,1120.069946,16.950001
16493.36914,1925.150024,4352.640137,1114.859985,17.030001
16569.2793,1938.98999,4383.890137,1124.819946,15.12
16429.4707,1920.209961,4352.839844,1121.560059,16.870001
16443.33984,1920.23999,4355.049805,1125.550049,16.370001
16368.26953,1909.569946,4334.970215,1119.76001,16.66
16553.92969,1931.589966,4370.899902,1131.349976,15.77
16569.98047,1936.920044,4401.330078,1141.930054,14.23
16560.53906,1933.75,4389.25,1133.030029,14.13
16651.80078,1946.719971,4434.129883,1141.780029,12.9
16713.58008,1955.180054,4453,1143.339966,12.42
16662.91016,1955.060059,4464.930176,1141.650024,13.15
16838.74023,1971.73999,4508.310059,1158.400024,12.32
16919.58984,1981.599976,4527.509766,1162.469971,12.21
16979.13086,1986.51001,4526.47998,1157.51001,11.78
17039.49023,1992.369995,4532.100098,1160.030029,11.76
17001.2207,1988.400024,4538.549805,1160.339966,11.47
17076.86914,1997.920044,4557.350098,1165.219971,11.7
17106.69922,2000.02002,4570.640137,1175.170044,11.63
17122.00977,2000.119995,4569.620117,1172.709961,11.78
17079.57031,1996.73999,4557.700195,1165.949951,12.05
17098.44922,2003.369995,4580.27002,1174.349976,12.09
17067.56055,2002.280029,4598.189941,1179.469971,12.25
17078.2793,2000.719971,4572.560059,1172.199951,12.36
17069.58008,1997.650024,4562.290039,1167.209961,12.64
17137.35938,2007.709961,4582.899902,1170.130005,12.09
17111.41992,2001.540039,4592.290039,1172.310059,12.66
17013.86914,1988.439941,4552.290039,1158.5,13.5
17068.71094,1995.689941,4586.52002,1164.98999,12.88
17049,1997.449951,4591.810059,1172.339966,12.8
16987.50977,1985.540039,4567.600098,1160.609985,13.31
17031.14063,1984.130005,4518.899902,1146.52002,14.12
17131.9707,1998.97998,4552.759766,1150.969971,12.73
17156.84961,2001.569946,4562.189941,1153.890015,12.65
17265.99023,2011.359985,4593.430176,1159.27002,12.03
17279.74023,2010.400024,4579.790039,1146.920044,12.11
17172.67969,1994.290039,4527.689941,1129.359985,13.69
17055.86914,1982.77002,4508.689941,1118.719971,14.93
17210.06055,1998.300049,4555.220215,1128.310059,13.27
16945.80078,1965.98999,4466.75,1110.23999,15.64
17113.15039,1982.849976,4512.189941,1119.329956,14.85
17071.2207,1977.800049,4505.850098,1117.910034,15.98
17042.90039,1972.290039,4493.390137,1101.680054,16.309999
16804.71094,1946.160034,4422.089844,1085.410034,16.709999
16801.05078,1946.170044,4430.200195,1096.380005,16.16
17009.68945,1967.900024,4475.620117,1104.73999,14.55
16991.91016,1964.819946,4454.799805,1094.650024,15.46
16719.39063,1935.099976,4385.200195,1076.310059,17.200001
16994.2207,1968.890015,4468.589844,1097.119995,15.11
16659.25,1928.209961,4378.339844,1067.98999,18.76
16544.09961,1906.130005,4276.240234,1053.319946,21.24
16321.07031,1874.73999,4213.660156,1049.300049,24.639999
16315.19043,1877.699951,4227.169922,1061.599976,22.790001
16141.74023,1862.48999,4215.319824,1072.449951,25.27
16117.24023,1862.76001,4217.390137,1086.109985,25.200001
16380.41016,1886.76001,4258.439941,1082.329956,21.99
16399.66992,1904.01001,4316.069824,1094.969971,18.57
16614.81055,1941.280029,4419.47998,1112.849976,16.08
16461.32031,1927.109985,4382.850098,1096.869995,17.870001
16677.90039,1950.819946,4452.790039,1116.48999,16.530001
16805.41016,1964.579956,4483.720215,1118.819946,16.110001
16817.93945,1961.630005,4485.930176,1117.47998,16.040001
17005.75,1985.050049,4564.290039,1149.449951,14.39
16974.31055,1982.300049,4549.22998,1146.369995,15.15
17195.41992,1994.650024,4566.140137,1155.77002,14.52
17390.51953,2018.050049,4630.740234,1173.51001,14.03
17366.24023,2017.810059,4638.910156,1170.199951,14.73
17383.83984,2012.099976,4623.640137,1165.420044,14.89
17484.5293,2023.569946,4620.720215,1167.069946,14.17
17554.4707,2031.209961,4638.470215,1171.859985,13.67
17573.92969,2031.920044,4632.529785,1173.319946,13.12
17613.74023,2038.26001,4651.620117,1179.569946,12.67
17614.90039,2039.680054,4660.560059,1179.959961,12.92
17612.19922,2038.25,4675.140137,1186.469971,13.02
17652.78906,2039.329956,4680.140137,1175.420044,13.79
17634.74023,2039.819946,4688.540039,1173.810059,13.31
17647.75,2041.319946,4671,1164.22998,13.99
17687.82031,2051.800049,4702.439941,1170.280029,13.86
17685.73047,2048.719971,4675.709961,1157.689941,13.96
17719,2052.75,4701.870117,1170.75,13.58
17810.06055,2063.5,4712.970215,1172.420044,12.9
17817.90039,2069.409912,4754.890137,1186.939941,12.62
17814.93945,2067.030029,4758.25,1186.329956,12.25
17827.75,2072.830078,4787.319824,1190.619995,12.07
17828.24023,2067.560059,4791.629883,1173.22998,13.33
17776.80078,2053.439941,4727.350098,1154.050049,14.16
17879.55078,2066.550049,4755.810059,1168.449951,12.85
17912.61914,2074.330078,4774.470215,1179.01001,12.5
17900.09961,2071.919922,4769.439941,1173.01001,12.38
17958.78906,2075.370117,4780.759766,1182.430054,11.89
17852.48047,2060.310059,4740.689941,1167.209961,14.21
17801.19922,2059.820068,4766.470215,1188.060059,15.35
17533.15039,2026.140015,4684.02002,1161.859985,18.530001
17596.33984,2035.329956,4708.160156,1166.959961,20.08
17280.83008,2002.329956,4653.600098,1152.439941,21.08
17180.83984,1989.630005,4605.160156,1140.300049,20.42
17068.86914,1972.73999,4547.830078,1139.369995,23.57
17356.86914,2012.890015,4644.310059,1174.839966,19.440001
17778.15039,2061.22998,4748.399902,1192.160034,16.809999
17804.80078,2070.649902,4765.379883,1195.959961,16.49
17959.43945,2078.540039,4781.419922,1201.859985,15.25
18024.16992,2082.169922,4765.419922,1202.439941,14.8
18030.21094,2081.879883,4773.470215,1206.780029,14.37
18053.71094,2088.77002,4806.859863,1215.209961,14.5
18038.23047,2090.570068,4806.910156,1219.109985,15.06
17983.07031,2080.350098,4777.439941,1213.050049,15.92
17823.07031,2058.899902,4736.049805,1204.699951,19.200001
17832.99023,2058.199951,4726.810059,1198.800049,17.790001
17501.65039,2020.579956,4652.569824,1181.349976,19.92
17371.64063,2002.609985,4592.740234,1161.310059,21.120001
17584.51953,2025.900024,4650.470215,1175.969971,19.309999
17907.86914,2062.139893,4736.189941,1196.130005,17.01
17737.36914,2044.810059,4704.069824,1185.680054,17.549999
17640.83984,2028.26001,4664.709961,1180.089966,19.6
17613.67969,2023.030029,4661.5,1180.640015,20.559999
17427.08984,2011.27002,4639.319824,1177.060059,21.48
17320.71094,1992.670044,4570.819824,1154.709961,22.389999
17511.57031,2019.420044,4634.379883,1176.650024,20.950001
17515.23047,2022.550049,4654.850098,1170.25,19.889999
17554.2793,2032.119995,4667.419922,1166.25,18.85
17813.98047,2063.149902,4750.399902,1190.369995,16.4
17672.59961,2051.820068,4757.879883,1188.930054,16.66
17678.69922,2057.090088,4771.759766,1200.73999,15.52
17387.21094,2029.550049,4681.5,1194.660034,17.219999
17191.36914,2002.160034,4637.990234,1175.119995,20.440001
17416.84961,2021.25,4683.410156,1190.180054,18.76
17164.94922,1994.98999,4635.240234,1165.390015,20.969999
17361.03906,2020.849976,4676.689941,1175.51001,19.43
17666.40039,2050.030029,4727.740234,1196.98999,17.33
17673.01953,2041.51001,4716.700195,1191.439941,18.33
17884.88086,2062.52002,4765.100098,1208.709961,16.85
17824.28906,2055.469971,4744.399902,1205.459961,17.290001
17729.21094,2046.73999,4726.009766,1195.829956,18.549999
17868.75977,2068.590088,4787.640137,1203.180054,17.23
17862.14063,2068.530029,4801.180176,1201.550049,16.959999
17972.38086,2088.47998,4857.609863,1216.27002,15.34
18019.34961,2096.98999,4893.839844,1223.130005,14.69
18047.58008,2100.340088,4899.27002,1225.01001,15.8
18029.84961,2099.679932,4906.359863,1227.949951,15.45
17985.76953,2097.449951,4924.700195,1227.910034,15.29
18140.43945,2110.300049,4955.970215,1231.790039,14.3
18116.83984,2109.659912,4960.970215,1231.829956,14.56
18209.18945,2115.47998,4968.120117,1233.97998,13.69
18224.57031,2113.860107,4967.140137,1235.099976,13.84
18214.41992,2110.73999,4987.890137,1239.109985,13.91
18132.69922,2104.5,4963.529785,1233.369995,13.34
18288.63086,2117.389893,5008.100098,1242.619995,13.04
18203.36914,2107.780029,4979.899902,1234.76001,13.86
18096.90039,2098.530029,4967.140137,1230.72998,14.23
18135.7207,2101.040039,4982.810059,1234.310059,14.04
17856.7793,2071.26001,4927.370117,1217.52002,15.2
17995.7207,2079.429932,4942.439941,1223.589966,15.06
17662.93945,2044.160034,4859.790039,1208.540039,16.690001
17635.39063,2040.23999,4849.939941,1215.780029,16.870001
17895.2207,2065.949951,4893.290039,1236.640015,15.42
17749.31055,2053.399902,4871.759766,1232.140015,16
17977.41992,2081.189941,4929.509766,1239.780029,15.61
17849.08008,2074.280029,4937.430176,1242.22998,15.66
18076.18945,2099.5,4982.830078,1252.140015,13.97
17959.0293,2089.27002,4992.379883,1254.859985,14.07
18127.65039,2108.100098,5026.419922,1266.369995,13.02
18116.03906,2104.419922,5010.970215,1264.709961,13.41
18011.14063,2091.5,4994.72998,1263.459961,13.62
17718.53906,2061.050049,4876.52002,1233.849976,15.44
17678.23047,2056.149902,4863.359863,1231.98999,15.8
17712.66016,2061.02002,4891.220215,1240.410034,15.07
17976.31055,2086.23999,4947.439941,1257.800049,14.51
17776.11914,2067.889893,4900.879883,1252.77002,15.29
17698.17969,2059.689941,4880.22998,1251.709961,15.11
17763.24023,2066.959961,4886.939941,1255.660034,14.67
17880.84961,2080.620117,4917.319824,1260.540039,14.74
17875.41992,2076.330078,4910.22998,1253.359985,14.78
17902.50977,2081.899902,4950.819824,1262.709961,13.98
17958.73047,2091.179932,4974.560059,1259.109985,13.09
18057.65039,2102.060059,4995.97998,1264.77002,12.58
17977.03906,2092.429932,4988.25,1265.589966,13.94
18036.69922,2095.840088,4977.290039,1265.349976,13.67
18112.60938,2106.629883,5011.02002,1275.349976,12.84
18105.76953,2104.98999,5007.790039,1272.900024,12.6
17826.30078,2081.179932,4931.810059,1251.859985,13.89
18034.92969,2100.399902,4994.600098,1264.920044,13.3
17949.58984,2097.290039,5014.100098,1264.150024,13.25
18038.26953,2107.959961,5035.169922,1265.47998,12.71
18058.68945,2112.929932,5056.060059,1271.540039,12.48
18080.14063,2117.689941,5092.080078,1267.540039,12.29
18037.9707,2108.919922,5060.25,1252.699951,13.12
18110.14063,2114.76001,5055.419922,1259.359985,12.41
18035.5293,2106.850098,5023.640137,1246.949951,13.39
17840.51953,2085.51001,4941.419922,1220.130005,14.55
18024.06055,2108.290039,5005.390137,1228.109985,12.7
18070.40039,2114.48999,5016.930176,1233.219971,12.85
17928.19922,2089.459961,4939.330078,1215.420044,14.31
17841.98047,2080.149902,4919.640137,1219.359985,15.15
17924.06055,2088,4945.540039,1225.540039,15.13
18191.10938,2116.100098,5003.549805,1234.930054,12.86
18105.16992,2105.330078,4993.569824,1235.829956,13.85
18068.23047,2099.120117,4976.189941,1233.130005,13.86
18060.49023,2098.47998,4981.689941,1232.280029,13.76
18252.24023,2121.100098,5050.799805,1245.109985,12.74
18272.56055,2122.72998,5048.290039,1243.949951,12.38
18298.88086,2129.199951,5078.439941,1257.52002,12.73
18312.39063,2127.830078,5070.029785,1255.660034,12.85
18285.40039,2125.850098,5071.740234,1257.73999,12.88
18285.74023,2130.820068,5090.790039,1256.73999,12.11
18232.01953,2126.060059,5089.359863,1252.219971,12.13
18041.53906,2104.199951,5032.75,1238.76001,14.06
18162.99023,2123.47998,5106.589844,1254.359985,13.27
18126.11914,2120.790039,5097.97998,1253.099976,13.31
18010.67969,2107.389893,5070.029785,1246.530029,13.84
18040.36914,2111.72998,5082.930176,1249.619995,13.97
18011.93945,2109.600098,5076.52002,1251.800049,14.24
18076.26953,2114.070068,5099.22998,1264.579956,13.66
17905.58008,2095.840088,5059.120117,1251.290039,14.71
17849.46094,2092.830078,5068.459961,1261.01001,14.21
17766.55078,2079.280029,5021.629883,1253.699951,15.29
17764.03906,2080.149902,5013.870117,1249.660034,14.47
18000.40039,2105.199951,5076.689941,1266.930054,13.22
18039.36914,2108.860107,5082.509766,1268.920044,12.85
17898.83984,2094.110107,5051.100098,1265.02002,13.78
17791.16992,2084.429932,5029.970215,1261.040039,15.39
17904.48047,2096.290039,5055.549805,1269.530029,14.81
17935.74023,2100.439941,5064.879883,1268.329956,14.5
18115.83984,2121.23999,5132.950195,1284.680054,13.19
18015.94922,2109.98999,5117,1284.660034,13.96
18119.7793,2122.850098,5153.970215,1292.390015,12.74
18144.07031,2124.199951,5160.089844,1295.800049,12.11
17966.07031,2108.580078,5122.410156,1283.920044,13.26
17890.35938,2102.310059,5112.189941,1283.280029,14.01
17946.67969,2101.48999,5080.509766,1279.800049,14.02
17596.34961,2057.639893,4958.470215,1246.75,18.85
17619.50977,2063.110107,4986.870117,1253.949951,18.23
17757.91016,2077.419922,5013.120117,1256.400024,16.09
17730.10938,2076.780029,5009.209961,1248.26001,16.790001
17683.58008,2068.76001,4991.939941,1246.959961,17.01
17776.91016,2081.340088,4997.459961,1248.050049,16.09
17515.41992,2046.680054,4909.759766,1228.959961,19.66
17548.61914,2051.310059,4922.399902,1234.150024,19.969999
17760.41016,2076.620117,4997.700195,1252.02002,16.83
17977.67969,2099.600098,5071.509766,1265.349976,13.9
18053.58008,2108.949951,5104.890137,1273.329956,13.37
18050.16992,2107.399902,5098.939941,1264.52002,13.23
18120.25,2124.290039,5163.180176,1272.829956,12.11
18086.44922,2126.639893,5210.140137,1267.089966,11.95
18100.41016,2128.280029,5218.859863,1260.219971,12.25
17919.28906,2119.209961,5208.120117,1254.569946,12.22
17851.03906,2114.149902,5171.77002,1258.349976,12.12
17731.91992,2102.149902,5146.410156,1244.969971,12.64
17568.5293,2079.649902,5088.629883,1225.98999,13.74
17440.58984,2067.639893,5039.779785,1214.609985,15.6
17630.26953,2093.25,5089.209961,1224.599976,13.44
17751.39063,2108.570068,5111.72998,1229.599976,12.5
17745.98047,2108.629883,5128.779785,1232.069946,12.13
17689.85938,2103.840088,5128.279785,1238.680054,12.12
17598.19922,2098.040039,5115.379883,1231.790039,12.56
17550.68945,2093.320068,5105.549805,1228.849976,13
17540.4707,2099.840088,5139.939941,1231.75,12.51
17419.75,2083.560059,5056.439941,1215.849976,13.77
17373.38086,2077.570068,5043.540039,1206.900024,13.39
17615.16992,2104.179932,5101.799805,1222.670044,12.23
17402.83984,2084.070068,5036.790039,1211.140015,13.71
17402.50977,2086.050049,5044.390137,1208.97998,13.61
17408.25,2083.389893,5033.560059,1204.73999,13.49
17477.40039,2091.540039,5048.240234,1212.689941,12.83
17545.17969,2102.439941,5091.700195,1225.089966,13.02
17511.33984,2096.919922,5059.350098,1214.890015,13.79
17348.73047,2079.610107,5019.049805,1202.97998,15.25
16990.68945,2035.72998,4877.490234,1172.52002,19.139999
16459.75,1970.890015,4706.040039,1156.790039,28.030001
15871.34961,1893.209961,4526.25,1111.689941,40.740002
15666.44043,1867.609985,4506.490234,1104.099976,36.02
16285.50977,1940.51001,4697.540039,1132.189941,30.32
16654.76953,1987.660034,4812.709961,1153.609985,26.1
16643.00977,1988.869995,4828.319824,1162.910034,26.049999
16528.0293,1972.180054,4776.509766,1159.449951,28.43
16058.34961,1913.849976,4636.100098,1128.050049,31.4
16351.37988,1948.859985,4749.97998,1146.030029,26.09
16374.75977,1951.130005,4733.5,1145.150024,25.610001
16102.37988,1921.219971,4683.919922,1136.170044,27.799999
16492.67969,1969.410034,4811.930176,1161.76001,24.9
16253.57031,1942.040039,4756.529785,1148.22998,26.23
16330.40039,1952.290039,4796.25,1153.030029,24.370001
16433.08984,1961.050049,4822.339844,1157.790039,23.200001
16370.95996,1953.030029,4805.759766,1153.5,24.25
16599.84961,1978.089966,4860.52002,1166,22.540001
16739.94922,1995.310059,4889.240234,1175.199951,21.35
16674.74023,1990.199951,4893.950195,1180.689941,21.139999
16384.58008,1958.030029,4827.22998,1163.349976,22.280001
16510.18945,1966.969971,4828.950195,1161.089966,20.139999
16330.46973,1942.73999,4756.720215,1143.030029,22.440001
16279.88965,1938.76001,4752.740234,1140.050049,22.129999
16201.32031,1932.23999,4734.47998,1137.540039,23.469999
16314.66992,1931.339966,4686.5,1122.790039,23.620001
16001.88965,1881.77002,4543.970215,1090.569946,27.629999
16049.12988,1884.089966,4517.319824,1083.910034,26.83
16284.7002,1920.030029,4620.160156,1100.689941,24.5
16272.00977,1923.819946,4627.080078,1097.550049,22.549999
16472.36914,1951.359985,4707.779785,1114.119995,20.940001
16776.42969,1987.050049,4781.259766,1141.640015,19.540001
16790.18945,1979.920044,4748.359863,1133.689941,19.4
16912.28906,1995.829956,4791.149902,1152.599976,18.4
17050.75,2013.430054,4810.790039,1163.23999,17.42
17084.49023,2014.890015,4830.470215,1165.359985,17.08
17131.85938,2017.459961,4838.640137,1164.400024,16.17
17081.89063,2003.689941,4796.609863,1147.839966,17.67
16924.75,1994.23999,4782.850098,1136.969971,18.030001
17141.75,2023.859985,4870.100098,1162.77002,16.049999
17215.9707,2033.109985,4886.689941,1162.310059,15.05
17230.53906,2033.660034,4905.470215,1164.300049,14.98
17217.10938,2030.77002,4880.970215,1163.27002,15.75
17168.60938,2018.939941,4840.120117,1144.949951,16.700001
17489.16016,2052.51001,4920.049805,1154.52002,14.45
17646.69922,2075.149902,5031.859863,1166.060059,14.46
17623.05078,2071.179932,5034.700195,1159.5,15.29
17581.42969,2065.889893,5030.149902,1145.290039,15.43
17779.51953,2090.350098,5095.689941,1178.719971,14.33
17755.80078,2089.409912,5074.27002,1165.630005,14.61
17663.53906,2079.360107,5053.75,1161.859985,15.07
17828.75977,2104.050049,5127.149902,1186.089966,14.15
17918.15039,2109.790039,5145.129883,1191.579956,14.54
17867.58008,2102.310059,5142.47998,1190.380005,15.51
17863.42969,2099.929932,5127.740234,1190.689941,15.05
17910.33008,2099.199951,5147.120117,1199.75,14.33
17730.48047,2078.580078,5095.299805,1184.430054,16.52
17758.21094,2081.719971,5083.240234,1187.699951,15.29
17702.2207,2075,5067.02002,1178.069946,16.059999
17448.07031,2045.969971,5005.080078,1154.810059,18.370001
17245.24023,2023.040039,4927.879883,1146.550049,20.08
17483.00977,2053.189941,4984.620117,1156.079956,18.16
17489.5,2050.439941,4986.02002,1153.209961,18.84
17737.16016,2083.580078,5075.200195,1171.75,16.85
17732.75,2081.23999,5073.640137,1166.72998,16.99
17823.81055,2089.169922,5104.919922,1175.150024,15.47
17792.67969,2086.590088,5102.47998,1180.359985,15.62
17812.18945,2089.139893,5102.810059,1188.810059,15.93
17813.39063,2088.870117,5116.140137,1198.02002,15.19
17813.39063,2090.110107,5127.52002,1202.380005,15.12
17719.91992,2080.409912,5108.669922,1198.109985,16.129999
17888.34961,2102.629883,5156.310059,1204.160034,14.67
17729.67969,2079.51001,5123.220215,1191.689941,15.91
17477.66992,2049.620117,5037.529785,1170.569946,18.110001
17847.63086,2091.689941,5142.27002,1183.400024,14.81
17730.50977,2077.070068,5101.810059,1164.300049,15.84
17568,2063.590088,5098.240234,1159.400024,17.6
17492.30078,2047.619995,5022.870117,1145.869995,19.610001
17574.75,2052.22998,5045.169922,1149.02002,19.34
17265.21094,2012.369995,4933.470215,1123.609985,24.389999
17368.5,2021.939941,4952.22998,1115.859985,22.73
17524.91016,2043.410034,4995.359863,1131.550049,20.950001
17749.08984,2073.070068,5071.129883,1148.969971,17.860001
17495.83984,2041.890015,5002.549805,1135.359985,18.940001
17128.55078,2005.550049,4923.080078,1121.02002,20.700001
17251.61914,2021.150024,4968.919922,1127.73999,18.700001
17417.26953,2038.969971,5001.109863,1137.689941,16.6
17602.60938,2064.290039,5045.930176,1152.819946,15.57
17552.16992,2060.98999,5048.490234,1154.76001,15.74
17528.26953,2056.5,5040.990234,1148.209961,16.91
17720.98047,2078.360107,5107.939941,1160.52002,16.08
17603.86914,2063.360107,5065.850098,1149.640015,17.290001
17425.0293,2043.939941,5007.410156,1135.890015,18.209999
17148.93945,2012.660034,4903.089844,1108.619995,20.700001
17158.66016,2016.709961,4891.430176,1110.439941,19.34
16906.50977,1990.26001,4835.759766,1094.369995,20.59
16514.09961,1943.089966,4689.430176,1064.569946,24.99
16346.4502,1922.030029,4643.629883,1046.199951,27.01
16398.57031,1923.670044,4637.990234,1041.900024,24.299999
16516.2207,1938.680054,4685.919922,1044.699951,22.469999
16151.41016,1890.280029,4526.060059,1010.190002,25.219999
16379.04981,1921.839966,4615,1025.670044,23.950001
15988.08008,1880.329956,4488.419922,1007.719971,27.02
16016.01953,1881.329956,4476.950195,994.869995,26.049999
15766.74023,1859.329956,4471.689941,999.309998,27.59
15882.67969,1868.98999,4472.060059,997.340027,26.690001
16093.50977,1906.900024,4591.180176,1020.659973,22.34
15885.21973,1877.079956,4518.490234,997.369995,24.15
16167.23047,1903.630005,4567.669922,1017.969971,22.5
15944.45996,1882.949951,4468.169922,1002.75,23.110001
16069.63965,1893.359985,4506.680176,1003.27002,22.42
16466.30078,1940.23999,4613.950195,1035.380005,20.200001
16449.17969,1939.380005,4620.370117,1032.390015,19.98
16153.54004,1903.030029,4516.950195,1008.840027,21.98
16336.66016,1912.530029,4504.240234,1010.299988,21.65
16416.58008,1915.449951,4509.560059,1014.789978,21.84
16204.96973,1880.050049,4363.140137,985.619995,23.379999
16027.04981,1853.439941,4283.75,969.340027,26
16014.37988,1852.209961,4268.759766,963.900024,26.540001
15914.74023,1851.859985,4283.589844,963.47998,26.290001
15660.17969,1829.079956,4266.839844,953.719971,28.139999
15973.83984,1864.780029,4337.509766,971.98999,25.4
16196.41016,1895.579956,4435.959961,995.799988,24.110001
16453.83008,1926.819946,4534.060059,1011.130005,22.309999
16413.42969,1917.829956,4487.540039,1004.710022,21.639999
16391.99023,1917.780029,4504.430176,1010.01001,20.530001
16620.66016,1945.5,4570.609863,1021.73999,19.379999
16431.7793,1921.27002,4503.580078,1012.150024,20.98
16484.99023,1929.800049,4542.609863,1022.080017,20.719999
16697.28906,1951.699951,4582.200195,1031.579956,19.110001
16639.9707,1948.050049,4590.470215,1037.180054,19.809999
16516.5,1932.22998,4557.950195,1033.900024,20.549999
16865.08008,1978.349976,4689.600098,1054.48999,17.700001
16899.32031,1986.449951,4703.419922,1065.670044,17.09
16943.90039,1993.400024,4707.419922,1076.050049,16.700001
17006.76953,1999.98999,4717.02002,1081.930054,16.860001
17073.94922,2001.76001,4708.25,1094.150024,17.35
16964.09961,1979.26001,4648.819824,1067.880005,18.67
17000.35938,1989.26001,4674.379883,1072.77002,18.34
16995.13086,1989.569946,4662.160156,1063.98999,18.049999
17213.31055,2022.189941,4748.470215,1087.560059,16.5
17229.13086,2019.640015,4750.279785,1084.25,16.92
17251.5293,2015.930054,4728.669922,1066.670044,16.84
17325.75977,2027.219971,4763.970215,1074.51001,14.99
17481.49023,2040.589966,4774.990234,1091.25,14.44
17602.30078,2049.580078,4795.649902,1101.670044,14.02
17623.86914,2051.600098,4808.870117,1098.579956,13.79
17582.57031,2049.800049,4821.660156,1097.339966,14.17
17502.58984,2036.709961,4768.859863,1075.699951,14.94
17515.73047,2035.939941,4773.5,1079.540039,14.74
17535.39063,2037.050049,4766.790039,1080.22998,15.24
17633.10938,2055.01001,4846.620117,1109.079956,13.82
17716.66016,2063.949951,4869.290039,1110.439941,13.56
17685.08984,2059.73999,4869.850098,1114.030029,13.95
17792.75,2072.780029,4914.540039,1117.680054,13.1
17737,2066.129883,4891.799805,1108.540039,14.12
17603.32031,2045.170044,4843.930176,1095.849976,15.42
17716.05078,2066.659912,4920.720215,1108.810059,14.09
17541.96094,2041.910034,4848.370117,1092.790039,16.16
17576.96094,2047.599976,4850.689941,1097.310059,15.36
17556.41016,2041.98999,4833.399902,1094.339966,16.26
17721.25,2061.719971,4872.089844,1105.709961,14.85
17908.2793,2082.419922,4947.419922,1129.930054,13.84
17926.42969,2082.780029,4945.890137,1128.589966,13.72
17897.46094,2080.72998,4938.220215,1130.920044,13.62
18004.16016,2094.340088,4960.02002,1139.280029,13.35
18053.59961,2100.800049,4940.330078,1140.22998,13.24
18096.26953,2102.399902,4948.129883,1142.290039,13.28
17982.51953,2091.47998,4945.890137,1135.77002,13.95
18003.75,2091.580078,4906.22998,1146.689941,13.22
17977.24023,2087.790039,4895.790039,1138.099976,14.08
17990.32031,2091.699951,4888.279785,1150.72998,13.96
18041.55078,2095.149902,4863.140137,1154.150024,13.77
17830.75977,2075.810059,4805.290039,1140.400024,15.22
17773.64063,2065.300049,4775.359863,1130.849976,15.7
17891.16016,2081.429932,4817.589844,1140.920044,14.68
17750.91016,2063.370117,4763.220215,1121.76001,15.6
17651.25977,2051.120117,4725.640137,1113.130005,16.049999
17660.71094,2050.629883,4717.089844,1107.949951,15.91
17740.63086,2057.139893,4736.160156,1114.719971,14.72
17705.91016,2058.689941,4750.209961,1118.25,14.57
17928.34961,2084.389893,4809.879883,1128.829956,13.63
17711.11914,2064.459961,4760.689941,1114.73999,14.69
17720.5,2064.110107,4737.330078,1108.599976,14.41
17535.32031,2046.609985,4717.680176,1102.439941,15.04
17710.71094,2066.659912,4775.459961,1116.209961,14.68
17529.98047,2047.209961,4715.72998,1097.680054,15.57
17526.61914,2047.630005,4739.120117,1102.949951,15.95
17435.40039,2040.040039,4712.529785,1094.780029,16.33
17500.93945,2052.320068,4769.560059,1112.280029,15.2
17492.92969,2048.040039,4765.779785,1111.369995,15.82
17706.05078,2076.060059,4861.060059,1135.310059,14.42
17851.50977,2090.540039,4894.890137,1141.02002,13.9
17828.28906,2090.100098,4901.77002,1139.75,13.43
17873.2207,2099.060059,4933.5,1150.449951,13.12
17787.19922,2096.949951,4948.049805,1154.790039,14.19
17789.66992,2099.330078,4952.25,1163.040039,14.2
17838.56055,2105.26001,4971.359863,1170.579956,13.63
17807.06055,2099.129883,4942.52002,1164.140015,13.47
17920.33008,2109.409912,4968.709961,1176.869995,13.65
17938.2793,2112.129883,4961.75,1179.969971,14.05
18005.05078,2119.120117,4974.640137,1188.949951,14.08
17985.18945,2115.47998,4958.620117,1181.199951,14.64
17865.33984,2096.070068,4894.549805,1163.930054,17.030001
17732.48047,2079.060059,4848.439941,1150.699951,20.969999
17674.82031,2075.320068,4843.549805,1147.819946,20.5
17640.16992,2071.5,4834.930176,1149.300049,20.139999
17733.09961,2077.98999,4844.919922,1148.189941,19.370001
17675.16016,2071.219971,4800.339844,1144.699951,19.41
17804.86914,2083.25,4837.209961,1157.699951,18.370001
17829.73047,2088.899902,4843.759766,1153.869995,18.48
17780.83008,2085.449951,4833.319824,1148.969971,21.17
18011.07031,2113.320068,4910.040039,1172.219971,17.25
17400.75,2037.410034,4707.97998,1127.540039,25.76
17140.24023,2000.540039,4594.439941,1089.650024,23.85
17409.7207,2036.089966,4691.870117,1107.300049,18.75
17694.67969,2070.77002,4779.25,1131.619995,16.639999
17929.99023,2098.860107,4842.669922,1151.920044,15.63
17949.36914,2102.949951,4862.569824,1156.77002,14.77
17840.61914,2088.550049,4822.899902,1139.449951,15.58
17918.61914,2099.72998,4859.160156,1147.329956,14.96
17895.88086,2097.899902,4876.810059,1149.76001,14.76
18146.74023,2129.899902,4956.759766,1177.359985,13.2
18226.92969,2137.159912,4988.640137,1190.030029,13.54
18347.66992,2152.139893,5022.819824,1205.890015,13.55
18372.11914,2152.429932,5005.72998,1201.160034,13.04
18506.41016,2163.75,5034.060059,1202.170044,12.82
18516.55078,2161.73999,5029.589844,1205.310059,12.67
18533.05078,2166.889893,5055.779785,1207.910034,12.44
18559.00977,2163.780029,5036.370117,1200.449951,11.97
18595.0293,2173.02002,5089.930176,1209.73999,11.77
18517.23047,2165.169922,5073.899902,1203.859985,12.74
18570.84961,2175.030029,5100.160156,1212.890015,12.02
18493.06055,2168.47998,5097.629883,1209.819946,12.87
18473.75,2169.179932,5110.049805,1216.859985,13.05
18472.16992,2166.580078,5139.810059,1218.930054,12.83
18456.34961,2170.060059,5154.97998,1217.329956,12.72
18432.24023,2173.600098,5162.129883,1219.939941,11.87
18404.50977,2170.840088,5184.200195,1219.119995,12.44
18313.76953,2157.030029,5137.72998,1202.349976,13.37
18355,2163.790039,5159.740234,1212.72998,12.86
18352.05078,2164.25,5166.25,1213.76001,12.42
18543.5293,2182.870117,5221.120117,1231.300049,11.39
18529.28906,2180.889893,5213.140137,1230.420044,11.5
18533.05078,2181.73999,5225.47998,1231.73999,11.66
18495.66016,2175.48999,5204.580078,1223.27002,12.05
18613.51953,2185.790039,5228.399902,1229.119995,11.68
18576.4707,2184.050049,5232.890137,1229.819946,11.55
18636.05078,2190.149902,5262.02002,1241.859985,11.81
18552.01953,2178.149902,5227.109863,1231.130005,12.64
18573.93945,2182.219971,5228.660156,1227.680054,12.19
18597.69922,2187.02002,5240.149902,1236.849976,11.43
18552.57031,2183.870117,5238.379883,1236.77002,11.34
18529.41992,2182.639893,5244.600098,1239.73999,12.27
18547.30078,2186.899902,5260.080078,1248.579956,12.38
18481.48047,2175.439941,5217.689941,1237.25,13.45
18448.41016,2172.469971,5212.200195,1240,13.63
18395.40039,2169.040039,5218.919922,1238.030029,13.65
18502.99023,2180.379883,5232.330078,1244.939941,12.94
18454.30078,2176.120117,5222.990234,1246.030029,13.12
18400.88086,2170.949951,5213.220215,1239.910034,13.42
18419.30078,2170.860107,5227.209961,1239.800049,13.48
18491.96094,2179.97998,5249.899902,1251.829956,11.98
18538.11914,2186.47998,5275.910156,1253.369995,12.02
18526.14063,2186.159912,5283.930176,1261.01001,11.94
18479.91016,2181.300049,5259.47998,1258.359985,12.51
18085.44922,2127.810059,5125.910156,1219.209961,17.5
18325.07031,2159.040039,5211.890137,1235.869995,15.16
18066.75,2127.02002,5155.25,1212.319946,17.85
18034.76953,2125.77002,5173.77002,1211.589966,18.139999
18212.48047,2147.26001,5249.689941,1227.02002,16.299999
18123.80078,2139.159912,5244.569824,1224.780029,15.37
18120.16992,2139.120117,5235.029785,1232.530029,15.53
18129.96094,2139.76001,5241.350098,1228.329956,15.92
18293.69922,2163.120117,5295.180176,1245.040039,13.3
18392.46094,2177.179932,5339.52002,1263.439941,12.02
18261.44922,2164.689941,5305.75,1254.619995,12.29
18094.83008,2146.100098,5257.490234,1240.939941,14.5
18228.30078,2159.929932,5305.709961,1246.380005,13.1
18339.24023,2171.370117,5318.549805,1255.670044,12.39
18143.44922,2151.129883,5269.149902,1237.75,14.02
18308.15039,2168.27002,5312,1251.650024,13.29
18253.84961,2161.199951,5300.870117,1245.780029,13.57
18168.44922,2150.48999,5289.660156,1239.780029,13.63
18281.0293,2159.72998,5316.02002,1248.369995,12.99
18268.5,2160.77002,5306.850098,1246.23999,12.84
18240.49023,2153.73999,5292.399902,1236.560059,13.48
18329.03906,2163.659912,5328.669922,1250.76001,13.38
18128.66016,2136.72998,5246.790039,1227.619995,15.36
18144.19922,2139.179932,5239.02002,1227.22998,15.91
18098.93945,2132.550049,5213.330078,1215.75,16.690001
18138.38086,2132.97998,5214.160156,1212.410034,16.120001
18086.40039,2126.5,5199.819824,1210.140015,16.209999
18161.93945,2139.600098,5243.839844,1217.300049,15.28
18202.61914,2144.290039,5246.410156,1222.640015,14.41
18162.34961,2141.340088,5241.830078,1219.790039,13.75
18145.71094,2141.159912,5257.399902,1218.099976,13.34
18223.0293,2151.330078,5309.830078,1226.449951,13.02
18169.26953,2143.159912,5283.399902,1216.099976,13.46
18199.33008,2139.429932,5250.27002,1204.75,14.24
18169.67969,2133.040039,5215.970215,1189.949951,15.36
18161.18945,2126.409912,5190.100098,1187.609985,16.190001
18142.41992,2126.149902,5189.140137,1191.390015,17.059999
18037.09961,2111.719971,5153.580078,1177.939941,18.559999
17959.64063,2097.939941,5105.569824,1162.52002,19.32
17930.66992,2088.659912,5058.410156,1156.890015,22.08
17888.2793,2085.179932,5046.370117,1163.439941,22.51
18259.59961,2131.52002,5166.169922,1192.25,18.709999
18332.74023,2139.560059,5193.490234,1195.140015,18.74
18589.68945,2163.26001,5251.069824,1232.160034,14.38
18807.88086,2167.47998,5208.799805,1251.609985,14.74
18847.66016,2164.449951,5237.109863,1282.380005,14.17
18868.68945,2164.199951,5218.399902,1298.599976,14.48
18923.06055,2180.389893,5275.620117,1302.140015,13.37
18868.14063,2176.939941,5294.580078,1302.199951,13.72
18903.82031,2187.120117,5333.970215,1309.47998,13.35
18867.92969,2181.899902,5321.509766,1315.640015,12.85
18956.68945,2198.179932,5368.859863,1322.22998,12.42
19023.86914,2202.939941,5386.350098,1334.339966,12.41
19083.17969,2204.719971,5380.680176,1342.089966,12.43
19152.14063,2213.350098,5398.919922,1347.199951,12.34
19097.90039,2201.719971,5368.810059,1329.829956,13.15
19121.59961,2204.659912,5379.919922,1328.219971,12.9
19123.58008,2198.810059,5323.680176,1322.339966,13.33
19191.92969,2191.080078,5251.109863,1313.800049,14.07
19170.41992,2191.949951,5255.649902,1314.25,14.12
19216.24023,2204.709961,5308.890137,1337.790039,12.14
19251.7793,2212.22998,5333,1352.670044,11.79
19549.61914,2241.350098,5393.759766,1364.51001,12.22
19614.81055,2246.189941,5417.359863,1386.369995,12.64
19756.84961,2259.530029,5444.5,1388.069946,11.75
19796.42969,2256.959961,5412.540039,1373.140015,12.64
19911.21094,2271.719971,5463.830078,1373.530029,12.72
19792.5293,2253.280029,5436.669922,1356.02002,13.19
19852.24023,2262.030029,5456.850098,1366.410034,12.79
19843.41016,2258.070068,5437.160156,1364.400024,12.2
19883.06055,2262.530029,5457.439941,1371.680054,11.71
19974.61914,2270.76001,5483.939941,1383.959961,11.45
19941.96094,2265.179932,5471.430176,1375.189941,11.27
19918.88086,2260.959961,5447.419922,1362.660034,11.43
19933.81055,2263.790039,5462.689941,1371.51001,11.44
19945.03906,2268.879883,5487.439941,1377.709961,11.99
19833.67969,2249.919922,5438.560059,1360.829956,12.95
19819.7793,2249.26001,5432.089844,1363.180054,13.37
19762.59961,2238.830078,5383.120117,1357.130005,14.04
19881.75977,2257.830078,5429.080078,1365.48999,12.85
19942.16016,2270.75,5477,1387.949951,11.85
19899.28906,2269,5487.939941,1371.939941,11.67
19963.80078,2276.97998,5521.060059,1367.280029,11.32
19887.38086,2268.899902,5531.819824,1357.48999,11.56
19855.5293,2268.899902,5551.819824,1370.900024,11.49
19954.2793,2275.320068,5563.649902,1373.300049,11.26
19891,2270.439941,5547.490234,1361.069946,11.54
19885.73047,2274.639893,5574.120117,1372.050049,11.23
19826.76953,2267.889893,5538.72998,1352.319946,11.87
19804.7207,2271.889893,5555.649902,1358.560059,12.48
19732.40039,2263.689941,5540.080078,1345.73999,12.78
19827.25,2271.310059,5555.330078,1351.849976,11.54
19799.84961,2265.199951,5552.939941,1347.839966,11.77
19912.71094,2280.070068,5600.959961,1369.209961,11.07
20068.50977,2298.370117,5656.339844,1382.439941,10.81
20100.91016,2296.679932,5655.180176,1375.599976,10.63
20093.7793,2294.689941,5660.779785,1370.699951,10.58
19971.13086,2280.899902,5613.709961,1352.329956,11.88
19864.08984,2278.870117,5614.790039,1361.819946,11.99
19890.93945,2279.550049,5642.649902,1361.22998,11.81
19884.91016,2280.850098,5636.200195,1357.430054,11.93
20071.46094,2297.419922,5666.77002,1377.839966,10.97
20052.41992,2292.560059,5663.549805,1366.660034,11.37
20090.28906,2293.080078,5674.220215,1361.060059,11.29
20054.33984,2294.669922,5682.450195,1358.73999,11.45
20172.40039,2307.870117,5715.180176,1378.530029,10.88
20269.36914,2316.100098,5734.129883,1388.839966,10.85
20412.16016,2328.25,5763.959961,1392.380005,11.07
20504.41016,2337.580078,5782.569824,1396.650024,10.74
20611.85938,2349.25,5819.439941,1404.209961,11.97
20619.76953,2347.219971,5814.899902,1399.130005,11.76
20624.05078,2351.159912,5838.580078,1399.859985,11.49
20743,2365.379883,5865.950195,1410.339966,11.57
20775.59961,2362.820068,5860.629883,1403.859985,11.74
20810.32031,2363.810059,5835.509766,1394.619995,11.71
20821.75977,2367.340088,5845.310059,1394.52002,11.47
20837.43945,2369.75,5861.899902,1407.969971,12.09
20812.24023,2363.639893,5825.439941,1386.680054,12.92
21115.55078,2395.959961,5904.029785,1413.640015,12.54
21002.9707,2381.919922,5861.220215,1395.670044,11.81
21005.71094,2383.120117,5870.75,1394.130005,10.96
20954.33984,2375.310059,5849.180176,1384.25,11.24
20924.75977,2368.389893,5833.930176,1374.880005,11.45
20855.73047,2362.97998,5837.549805,1366.040039,11.86
20858.18945,2364.870117,5838.810059,1360.119995,12.3
20902.98047,2372.600098,5861.72998,1365.26001,11.66
20881.48047,2373.469971,5875.779785,1370.280029,11.35
20837.36914,2365.449951,5856.819824,1362.380005,12.3
20950.09961,2385.26001,5900.049805,1382.829956,11.63
20934.55078,2381.379883,5900.759766,1386.030029,11.21
20914.61914,2378.25,5901,1391.52002,11.28
20905.85938,2373.469971,5901.529785,1384.099976,11.34
20668.00977,2344.02002,5793.830078,1346.550049,12.47
20661.30078,2348.449951,5821.640137,1345.599976,12.81
20656.58008,2345.959961,5817.689941,1353.430054,13.12
20596.7207,2343.97998,5828.740234,1354.640015,12.96
20550.98047,2341.590088,5840.370117,1357.319946,12.5
20701.5,2358.570068,5875.140137,1367.26001,11.53
20659.32031,2361.129883,5897.549805,1371.640015,11.42
20728.49023,2368.060059,5914.339844,1382.349976,11.54
20663.2207,2362.719971,5911.740234,1385.920044,12.37
20650.21094,2358.840088,5894.680176,1369.670044,12.38
20689.24023,2360.159912,5898.609863,1368.180054,11.79
20648.15039,2352.949951,5864.47998,1352.140015,12.89
20662.94922,2357.48999,5878.950195,1364.430054,12.39
20656.09961,2355.540039,5877.810059,1364.560059,12.87
20658.01953,2357.159912,5880.930176,1367.089966,14.05
20651.30078,2353.780029,5866.77002,1376.949951,15.07
20591.85938,2344.929932,5836.160156,1359.199951,15.77
20453.25,2328.949951,5805.149902,1345.23999,15.96
20636.91992,2349.01001,5856.790039,1361.180054,14.66
20523.2793,2342.189941,5849.470215,1361.890015,14.42
20404.49023,2338.169922,5863.029785,1367.130005,14.93
20578.71094,2355.840088,5916.779785,1384.150024,14.15
20547.75977,2348.689941,5910.52002,1379.849976,14.63
20763.89063,2374.149902,5983.819824,1397.939941,10.84
20996.11914,2388.610107,6025.490234,1411.079956,10.76
20975.08984,2387.449951,6025.22998,1419.430054,10.85
20981.33008,2388.77002,6048.939941,1417.130005,10.36
20940.50977,2384.199951,6047.609863,1400.430054,10.82
20913.46094,2388.330078,6091.600098,1407.359985,10.11
20949.89063,2391.169922,6095.370117,1399.359985,10.59
20957.90039,2388.129883,6072.549805,1390.920044,10.68
20951.4707,2389.52002,6075.339844,1388.849976,10.46
21006.93945,2399.290039,6100.759766,1397,10.57
21012.2793,2399.379883,6102.660156,1391.640015,9.77
20975.7793,2396.919922,6120.589844,1391.859985,9.96
20943.10938,2399.629883,6129.140137,1399.589966,10.21
20919.41992,2394.439941,6115.959961,1390.199951,10.6
20896.60938,2390.899902,6121.22998,1382.77002,10.4
20981.93945,2402.320068,6149.669922,1393.920044,10.42
20979.75,2400.669922,6169.870117,1394.680054,10.65
20606.92969,2357.030029,6011.240234,1355.890015,15.59
20663.01953,2365.719971,6055.129883,1361.079956,14.66
20804.83984,2381.72998,6083.700195,1367.329956,12.04
20894.83008,2394.02002,6133.620117,1377.140015,10.93
20937.91016,2398.419922,6138.709961,1380.97998,10.72
21012.41992,2404.389893,6163.02002,1382.51001,10.02
21082.94922,2415.070068,6205.259766,1383.390015,9.99
21080.2793,2415.820068,6210.189941,1382.23999,9.81
21029.4707,2412.909912,6203.189941,1371.189941,10.38
21008.65039,2411.800049,6198.52002,1370.209961,10.41
21144.17969,2430.060059,6246.830078,1396.060059,9.89
21206.28906,2439.070068,6305.799805,1405.390015,9.75
21184.03906,2436.100098,6295.680176,1396.449951,10.07
21136.23047,2429.330078,6275.060059,1394.900024,10.45
21173.68945,2433.139893,6297.379883,1396.670044,10.39
21182.5293,2433.790039,6321.759766,1415.609985,10.16
21271.9707,2431.77002,6207.919922,1421.709961,10.7
21235.66992,2429.389893,6175.459961,1419.209961,11.46
21328.4707,2440.350098,6220.370117,1425.98999,10.42
21374.56055,2437.919922,6194.890137,1417.569946,10.64
21359.90039,2432.459961,6165.5,1410.079956,10.9
21384.2793,2433.149902,6151.759766,1406.72998,10.38
21528.99023,2453.459961,6239.009766,1418.079956,10.37
21467.14063,2437.030029,6188.029785,1402.969971,10.86
21410.0293,2435.610107,6233.950195,1399.25,10.75
21397.28906,2434.5,6236.689941,1404.540039,10.48
21394.75977,2438.300049,6265.25,1414.780029,10.02
21409.55078,2439.070068,6247.149902,1416.640015,9.9
21310.66016,2419.379883,6146.620117,1403.52002,11.06
21454.60938,2440.689941,6234.410156,1425.27002,10.03
21287.0293,2419.699951,6144.350098,1416.199951,11.44
21349.63086,2423.409912,6140.419922,1415.359985,11.18
21479.26953,2429.01001,6110.060059,1426.680054,11.22
21478.16992,2432.540039,6150.859863,1420.150024,11.07
21320.03906,2409.75,6089.459961,1400.810059,12.54
21414.33984,2425.179932,6153.080078,1415.839966,11.19
21408.51953,2427.429932,6176.390137,1408.469971,11.11
21409.07031,2425.530029,6193.299805,1413.050049,10.89
21532.14063,2443.25,6261.169922,1424.319946,10.3
21553.08984,2447.830078,6274.439941,1425.660034,9.9
21637.74023,2459.27002,6312.470215,1428.819946,9.51
21629.7207,2459.139893,6314.430176,1431.599976,9.82
21574.73047,2460.610107,6344.310059,1427.609985,9.89
21640.75,2473.830078,6385.040039,1441.77002,9.79
21611.7793,2473.449951,6390,1442.349976,9.58
21580.07031,2472.540039,6387.75,1435.839966,9.36
21513.16992,2469.909912,6410.810059,1438.050049,9.43
21613.42969,2477.129883,6412.169922,1450.390015,9.43
21711.00977,2477.830078,6422.75,1442.280029,9.6
21796.55078,2475.419922,6382.189941,1433.619995,10.11
21830.31055,2472.100098,6374.680176,1429.26001,10.29
21891.11914,2470.300049,6348.120117,1425.140015,10.26
21963.91992,2476.350098,6362.939941,1428.329956,10.09
22016.24023,2477.570068,6362.649902,1412.900024,10.28
22026.09961,2472.159912,6340.339844,1405.22998,10.44
22092.81055,2476.830078,6351.560059,1412.319946,10.03
22118.41992,2480.909912,6383.77002,1414.170044,9.93
22085.33984,2474.919922,6370.459961,1410.150024,10.96
22048.69922,2474.02002,6352.330078,1396.949951,11.11
21844.00977,2438.209961,6216.870117,1372.540039,16.040001
21858.32031,2441.320068,6256.560059,1374.22998,15.51
21993.71094,2465.840088,6340.22998,1394.310059,12.33
21998.99023,2464.610107,6333.009766,1383.23999,12.04
22024.86914,2468.110107,6345.109863,1383.530029,11.74
21750.73047,2430.01001,6221.910156,1358.939941,15.55
21674.50977,2425.550049,6216.529785,1357.790039,14.26
21703.75,2428.370117,6213.129883,1356.900024,13.19
21899.89063,2452.51001,6297.47998,1371.540039,11.35
21812.08984,2444.040039,6278.410156,1369.73999,12.25
21783.40039,2438.969971,6271.330078,1373.880005,12.23
21813.66992,2443.050049,6265.640137,1377.449951,11.28
21808.40039,2444.23999,6283.02002,1382.22998,11.32
21865.36914,2446.300049,6301.890137,1383.680054,11.7
21892.42969,2457.590088,6368.310059,1391.319946,11.22
21948.09961,2471.649902,6428.660156,1405.280029,10.59
21987.56055,2476.550049,6435.330078,1413.569946,10.13
21753.31055,2457.850098,6375.569824,1399.660034,12.23
21807.64063,2465.540039,6393.310059,1402.199951,11.63
21784.7793,2465.100098,6397.870117,1398.670044,11.55
21797.78906,2461.429932,6360.189941,1399.430054,12.12
22057.36914,2488.110107,6432.259766,1414.829956,10.73
22118.85938,2496.47998,6454.279785,1423.459961,10.58
22158.17969,2498.370117,6460.189941,1426.890015,10.5
22203.48047,2495.620117,6429.080078,1425.02002,10.44
22268.33984,2500.22998,6448.470215,1431.709961,10.17
22331.34961,2503.870117,6454.640137,1441.079956,10.15
22370.80078,2506.649902,6461.319824,1440.400024,10.18
22412.58984,2508.23999,6456.040039,1445.420044,9.78
22359.23047,2500.600098,6422.689941,1444.180054,9.67
22349.58984,2502.219971,6426.919922,1450.780029,9.59
22296.08984,2496.659912,6370.589844,1451.959961,10.21
22284.32031,2496.840088,6380.160156,1456.859985,10.17
22340.71094,2507.040039,6453.259766,1484.810059,9.87
22381.19922,2510.060059,6453.450195,1488.790039,9.55
22405.08984,2519.360107,6495.959961,1490.859985,9.51
22557.59961,2529.120117,6516.720215,1509.469971,9.45
22641.66992,2534.580078,6531.709961,1511.969971,9.51
22661.64063,2537.73999,6534.629883,1507.76001,9.63
22775.39063,2552.070068,6585.359863,1512.089966,9.19
22773.66992,2549.330078,6590.180176,1510.219971,9.65
22761.07031,2544.72998,6579.72998,1503.560059,10.33
22830.67969,2550.639893,6587.25,1508.01001,10.08
22872.89063,2555.23999,6603.549805,1506.920044,9.85
22841.00977,2550.929932,6591.509766,1505.160034,9.91
22871.7207,2553.169922,6605.799805,1502.660034,9.61
22956.96094,2557.639893,6624,1502.680054,9.91
22997.43945,2559.360107,6623.660156,1497.5,10.31
23157.59961,2561.26001,6624.220215,1505.140015,10.07
23163.03906,2562.100098,6605.069824,1502.040039,10.05
23328.63086,2575.209961,6629.049805,1509.25,9.97
23273.96094,2564.97998,6586.830078,1497.48999,11.07
23441.75977,2569.129883,6598.430176,1500.420044,11.16
23329.46094,2557.149902,6563.890137,1493.47998,11.23
23400.85938,2560.399902,6556.77002,1497.459961,11.3
23434.18945,2581.070068,6701.259766,1508.319946,9.8
23348.74023,2572.830078,6698.959961,1490.900024,10.5
23377.24023,2575.26001,6727.669922,1502.530029,10.18
23435.00977,2579.360107,6716.529785,1492.780029,10.2
23516.25977,2579.850098,6714.939941,1496.550049,9.93
23539.18945,2587.840088,6764.439941,1494.910034,9.14
23548.41992,2591.129883,6786.439941,1497.959961,9.4
23557.23047,2590.639893,6767.779785,1479.089966,9.89
23563.35938,2594.379883,6789.120117,1481.72998,9.78
23461.93945,2584.620117,6750.049805,1475.02002,10.5
23422.21094,2582.300049,6750.939941,1475.27002,11.29
23439.69922,2584.840088,6757.600098,1475.069946,11.5
23409.4707,2578.870117,6737.870117,1471.26001,11.59
23271.2793,2564.620117,6706.209961,1464.089966,13.13
23458.35938,2585.639893,6793.290039,1486.880005,11.76
23358.24023,2578.850098,6782.790039,1492.819946,11.43
23430.33008,2582.139893,6790.709961,1503.400024,10.65
23590.83008,2599.030029,6862.47998,1518.890015,9.73
23526.17969,2597.080078,6867.359863,1516.76001,9.88
23557.99023,2602.419922,6889.160156,1519.160034,9.67
23580.7793,2601.419922,6878.52002,1513.310059,9.87
23836.71094,2627.040039,6912.359863,1536.430054,10.03
23940.67969,2626.070068,6824.390137,1542.300049,10.7
24272.34961,2647.580078,6873.970215,1544.140015,11.28
24231.58984,2642.219971,6847.589844,1537.02002,11.43
24290.05078,2639.439941,6775.370117,1532.410034,11.68
24180.64063,2629.570068,6762.209961,1516.76001,11.33
24140.91016,2629.27002,6776.379883,1508.880005,11.02
24211.48047,2636.97998,6812.839844,1520.469971,10.16
24329.16016,2651.5,6840.080078,1521.719971,9.58
24386.0293,2659.98999,6875.080078,1519.839966,9.34
24504.80078,2664.110107,6862.319824,1516.119995,9.92
24585.42969,2662.850098,6875.799805,1524.449951,10.18
24508.66016,2652.01001,6856.529785,1506.949951,10.49
24651.74023,2675.810059,6936.580078,1530.420044,9.42
24792.19922,2690.159912,6994.759766,1548.920044,9.53
24754.75,2681.469971,6963.850098,1536.75,10.03
24726.65039,2679.25,6960.959961,1540.079956,9.72
24782.28906,2684.570068,6965.359863,1547.109985,9.62
24754.06055,2683.340088,6959.959961,1542.930054,9.9
24746.21094,2680.5,6936.25,1544.22998,10.25
24774.30078,2682.620117,6939.339844,1543.939941,10.47
24837.50977,2687.540039,6950.160156,1548.930054,10.18
24719.2207,2673.610107,6903.390137,1535.51001,11.04
24824.00977,2695.810059,7006.899902,1550.01001,9.77
24922.67969,2713.060059,7065.529785,1552.579956,9.15
25075.13086,2723.98999,7077.910156,1555.719971,9.22
25295.86914,2743.149902,7136.560059,1560.01001,9.22
25283,2747.709961,7157.390137,1561.810059,9.52
25385.80078,2751.290039,7163.580078,1560.099976,10.08
25369.13086,2748.22998,7153.569824,1559.800049,9.82
25574.73047,2767.560059,7211.779785,1586.790039,9.88
25803.18945,2786.23999,7261.060059,1591.969971,10.16
25792.85938,2776.419922,7223.689941,1572.969971,11.66
26115.65039,2802.560059,7298.279785,1586.660034,11.91
26017.81055,2798.030029,7296.049805,1576.72998,12.22
26071.7207,2810.300049,7336.379883,1597.630005,11.27
26214.59961,2832.969971,7408.029785,1605.170044,11.03
26210.81055,2839.129883,7460.290039,1610.709961,11.1
26252.11914,2837.540039,7415.060059,1601.77002,11.47
26392.78906,2839.25,7411.160156,1601.670044,11.58
26616.71094,2872.870117,7505.77002,1608.060059,11.08
26439.48047,2853.530029,7466.509766,1598.109985,13.84
26076.89063,2822.429932,7402.47998,1582.819946,14.79
26149.39063,2823.810059,7411.47998,1574.97998,13.54
26186.71094,2821.97998,7385.859863,1579.869995,13.47
25520.96094,2762.129883,7240.950195,1547.27002,17.309999
24345.75,2648.939941,6967.529785,1491.089966,37.32
24912.76953,2695.139893,7115.879883,1507.170044,29.98
24893.34961,2681.659912,7051.97998,1507.969971,27.73
23860.46094,2581,6777.160156,1463.790039,33.459999
24190.90039,2619.550049,6874.490234,1477.839966,29.059999
24601.26953,2656,6981.959961,1490.97998,25.610001
24640.44922,2662.939941,7013.509766,1494.949951,24.969999
24893.49023,2698.629883,7143.620117,1522.099976,19.26
25200.36914,2731.199951,7256.430176,1537.199951,19.129999
25219.38086,2732.219971,7239.470215,1543.550049,19.459999
24964.75,2716.26001,7234.310059,1529.98999,20.6
24797.7793,2701.330078,7218.22998,1531.839966,20.02
24962.48047,2703.959961,7210.089844,1529.98999,18.719999
25309.99023,2747.300049,7337.390137,1549.189941,16.49
25709.26953,2779.600098,7421.459961,1559.329956,15.8
25410.0293,2744.280029,7330.350098,1536.469971,18.59
25029.19922,2713.830078,7273.009766,1512.449951,19.85
24608.98047,2677.669922,7180.560059,1507.390015,22.469999
24538.06055,2691.25,7257.870117,1533.170044,19.59
24874.75977,2720.939941,7330.709961,1546.050049,18.73
24884.11914,2728.120117,7372.009766,1562.199951,18.360001
24801.35938,2726.800049,7396.649902,1574.530029,17.76
24895.21094,2738.969971,7427.950195,1571.969971,16.540001
25335.74023,2786.570068,7560.810059,1597.140015,14.64
25178.60938,2783.02002,7588.319824,1601.060059,15.78
25007.0293,2765.310059,7511.009766,1592.050049,16.35
24758.11914,2749.47998,7496.810059,1584.310059,17.23
24873.66016,2747.330078,7481.740234,1576.619995,16.59
24946.50977,2752.01001,7481.990234,1586.050049,15.8
24610.91016,2712.919922,7344.240234,1570.560059,19.02
24727.26953,2716.939941,7364.299805,1570.410034,18.200001
24682.31055,2711.929932,7345.290039,1579.300049,17.860001
23957.89063,2643.689941,7166.680176,1543.869995,23.34